<?xml version="1.0" encoding="UTF-8"?>
<project-private xmlns="http://www.netbeans.org/ns/project-private/1">
    <editor-bookmarks xmlns="http://www.netbeans.org/ns/editor-bookmarks/2" lastBookmarkId="0"/>
    <open-files xmlns="http://www.netbeans.org/ns/projectui-open-files/2">
        <group>
            <file>file:/E:/Netbeans%20Projects/Firstfront_House_Rental/src/firstfront_house_rental/Firstfront_House_Rental.java</file>
            <file>file:/E:/Netbeans%20Projects/Firstfront_House_Rental/src/firstfront_house_rental/Signup.java</file>
            <file>file:/E:/Netbeans%20Projects/Firstfront_House_Rental/src/Important/Generate_PDF.java</file>
            <file>file:/E:/Netbeans%20Projects/Firstfront_House_Rental/src/Important/Manipulate_DB.java</file>
            <file>file:/E:/Netbeans%20Projects/Firstfront_House_Rental/src/Important/Access_Data.java</file>
            <file>file:/E:/Netbeans%20Projects/Firstfront_House_Rental/src/Important/Create_Tables.java</file>
            <file>file:/E:/Netbeans%20Projects/Firstfront_House_Rental/src/Important/Select_Data.java</file>
            <file>file:/E:/Netbeans%20Projects/Firstfront_House_Rental/src/Important/Provide_Connection.java</file>
            <file>file:/E:/Netbeans%20Projects/Firstfront_House_Rental/src/Important/Generate_Captcha.java</file>
        </group>
    </open-files>
</project-private>
